{
    "Input Functions": {
        "Summary": "Functions for retrieving inputs for the task",
        "Document": [
            "task.getInput",
            "task.getBoolInput",
            "task.getPathInput",
            "task.filePathSupplied",
            "task.getDelimitedInput",
            "task.getVariable",
            "task.getVariables",
            "task.setVariable"
        ]
    },
    "Execution": {
        "Summary": "Tasks typically execute a series of tools (cli) and set the result of the task based on the outcome of those",
        "Sample": "samples/toolrunner.src",
        "Document": [
            "task.tool",
            "toolrunner.ToolRunner.arg",
            "toolrunner.ToolRunner.line",
            "toolrunner.ToolRunner.argIf",
            "toolrunner.ToolRunner.pipeExecOutputToTool",
            "toolrunner.IExecOptions",
            "toolrunner.ToolRunner.exec",
            "toolrunner.ToolRunner.execSync",
            "toolrunner.IExecResult",
            "task.exec",
            "task.execSync",
            "task.setResult"
        ]
    }, 
    "Service Endpoints": {
        "Summary": "Retrieve service endpoints and authorization details",
        "Document": [
            "task.getEndpointUrl",
            "task.EndpointAuthorization",
            "task.getEndpointAuthorization"
        ]
    }, 
    "Disk Functions": {
        "Summary": "Functions for disk operations",
        "Document": [
            "task.which",
            "task.checkPath",
            "task.exist",
            "task.cd",
            "task.cp",
            "task.mv",
            "task.mkdirP",
            "task.FindOptions",
            "task.find",
            "task.rmRF",
            "task.pushd",
            "task.popd",
            "task.resolve",
            "task.stats",
            "task.writeFile"
        ]
    },
    "Localization": {
        "Summary": "Localization is optional but is supported using these functions at runtime",
        "Sample": "samples/loc.src",
        "Document": [
            "task.setResourcePath",
            "task.loc"
        ]
    }    
}